Workbook

Sheet Pontos
A1: Item | B1: 0 (não tem) | C1: 1 | D1: 2 | E1: 3 | F1: 4 ou mais
A2: Banheiros | B2: 0 | C2: 3 | D2: 7 | E2: 10 | F2: 14
A3: Trabalhadores domésticos mensalistas | B3: 0 | C3: 3 | D3: 7 | E3: 10 | F3: 13
A4: Automóveis | B4: 0 | C4: 3 | D4: 5 | E4: 8 | F4: 11
A5: Microcomputador | B5: 0 | C5: 3 | D5: 6 | E5: 8 | F5: 11
A6: Lava-louça | B6: 0 | C6: 3 | D6: 6 | E6: 6 | F6: 6
A7: Geladeira | B7: 0 | C7: 2 | D7: 3 | E7: 5 | F7: 5
A8: Freezer | B8: 0 | C8: 2 | D8: 4 | E8: 6 | F8: 6
A9: Lava-roupa | B9: 0 | C9: 2 | D9: 4 | E9: 6 | F9: 6
A10: DVD | B10: 0 | C10: 1 | D10: 3 | E10: 4 | F10: 6
A11: Micro-ondas | B11: 0 | C11: 2 | D11: 4 | E11: 4 | F11: 4
A12: Motocicleta | B12: 0 | C12: 1 | D12: 3 | E12: 3 | F12: 3
A13: Secadora de roupa | B13: 0 | C13: 2 | D13: 2 | E13: 2 | F13: 2
A14: Instrução de quem sustenta a casa (0=analfabeto/fund. I incompleto · 1=fund. I completo · 2=fund. II completo · 3=médio completo · 4=superior completo) | B14: 0 | C14: 1 | D14: 2 | E14: 4 | F14: 7
A15: Água encanada (0=não · 1=sim) | B15: 0 | C15: 4
A16: Rua pavimentada (0=não · 1=sim) | B16: 0 | C16: 2
A18: Classe | B18: Pontos de | C18: Pontos até
A19: A | B19: 45 | C19: 100
A20: B1 | B20: 38 | C20: 44
A21: B2 | B21: 29 | C21: 37
A22: C1 | B22: 23 | C22: 28
A23: C2 | B23: 17 | C23: 22
A24: D-E | B24: 0 | C24: 16
A26: Fonte: ABEP, Critério de Classificação Econômica Brasil 2022.

Sheet Respostas
A1: Respondente | B1: Banheiros | C1: Trabalhadores domésticos mensalistas | D1: Automóveis | E1: Microcomputador | F1: Lava-louça | G1: Geladeira | H1: Freezer | I1: Lava-roupa | J1: DVD | K1: Micro-ondas | L1: Motocicleta | M1: Secadora de roupa | N1: Instrução (0 a 4) | O1: Água encanada (0/1) | P1: Rua pavimentada (0/1) | Q1: Pontos | R1: Classe
A2: 1 | B2: 1 | C2: 0 | D2: 1 | E2: 2 | F2: 1 | G2: 1 | H2: 0 | I2: 1 | J2: 1 | K2: 1 | L2: 0 | M2: 0 | N2: 2 | O2: 1 | P2: 1 | Q2: =INDEX(Pontos!$B$2:$F$2,B2+1)+INDEX(Pontos!$B$3:$F$3,C2+1)+INDEX(Pontos!$B$4:$F$4,D2+1)+INDEX(Pontos!$B$5:$F$5,E2+1)+INDEX(Pontos!$B$6:$F$6,F2+1)+INDEX(Pontos!$B$7:$F$7,G2+1)+INDEX(Pontos!$B$8:$F$8,H2+1)+INDEX(Pontos!$B$9:$F$9,I2+1)+INDEX(Pontos!$B$10:$F$10,J2+1)+INDEX(Pontos!$B$11:$F$11,K2+1)+INDEX(Pontos!$B$12:$F$12,L2+1)+INDEX(Pontos!$B$13:$F$13,M2+1)+INDEX(Pontos!$B$14:$F$14,N2+1)+IF(O2=1,4,0)+IF(P2=1,2,0) -> 30 | R2: =IF(Q2>=45,"A",IF(Q2>=38,"B1",IF(Q2>=29,"B2",IF(Q2>=23,"C1",IF(Q2>=17,"C2","D-E"))))) -> B2
A3: 2 | B3: 1 | C3: 0 | D3: 1 | E3: 2 | F3: 0 | G3: 1 | H3: 1 | I3: 1 | J3: 0 | K3: 1 | L3: 0 | M3: 0 | N3: 3 | O3: 1 | P3: 1 | Q3: =INDEX(Pontos!$B$2:$F$2,B3+1)+INDEX(Pontos!$B$3:$F$3,C3+1)+INDEX(Pontos!$B$4:$F$4,D3+1)+INDEX(Pontos!$B$5:$F$5,E3+1)+INDEX(Pontos!$B$6:$F$6,F3+1)+INDEX(Pontos!$B$7:$F$7,G3+1)+INDEX(Pontos!$B$8:$F$8,H3+1)+INDEX(Pontos!$B$9:$F$9,I3+1)+INDEX(Pontos!$B$10:$F$10,J3+1)+INDEX(Pontos!$B$11:$F$11,K3+1)+INDEX(Pontos!$B$12:$F$12,L3+1)+INDEX(Pontos!$B$13:$F$13,M3+1)+INDEX(Pontos!$B$14:$F$14,N3+1)+IF(O3=1,4,0)+IF(P3=1,2,0) -> 30 | R3: =IF(Q3>=45,"A",IF(Q3>=38,"B1",IF(Q3>=29,"B2",IF(Q3>=23,"C1",IF(Q3>=17,"C2","D-E"))))) -> B2
A4: 3 | B4: 1 | C4: 0 | D4: 2 | E4: 1 | F4: 1 | G4: 1 | H4: 1 | I4: 2 | J4: 1 | K4: 1 | L4: 0 | M4: 0 | N4: 3 | O4: 1 | P4: 1 | Q4: =INDEX(Pontos!$B$2:$F$2,B4+1)+INDEX(Pontos!$B$3:$F$3,C4+1)+INDEX(Pontos!$B$4:$F$4,D4+1)+INDEX(Pontos!$B$5:$F$5,E4+1)+INDEX(Pontos!$B$6:$F$6,F4+1)+INDEX(Pontos!$B$7:$F$7,G4+1)+INDEX(Pontos!$B$8:$F$8,H4+1)+INDEX(Pontos!$B$9:$F$9,I4+1)+INDEX(Pontos!$B$10:$F$10,J4+1)+INDEX(Pontos!$B$11:$F$11,K4+1)+INDEX(Pontos!$B$12:$F$12,L4+1)+INDEX(Pontos!$B$13:$F$13,M4+1)+INDEX(Pontos!$B$14:$F$14,N4+1)+IF(O4=1,4,0)+IF(P4=1,2,0) -> 35 | R4: =IF(Q4>=45,"A",IF(Q4>=38,"B1",IF(Q4>=29,"B2",IF(Q4>=23,"C1",IF(Q4>=17,"C2","D-E"))))) -> B2
A5: 4 | B5: 1 | C5: 0 | D5: 1 | E5: 2 | F5: 0 | G5: 1 | H5: 1 | I5: 2 | J5: 1 | K5: 1 | L5: 0 | M5: 1 | N5: 2 | O5: 1 | P5: 1 | Q5: =INDEX(Pontos!$B$2:$F$2,B5+1)+INDEX(Pontos!$B$3:$F$3,C5+1)+INDEX(Pontos!$B$4:$F$4,D5+1)+INDEX(Pontos!$B$5:$F$5,E5+1)+INDEX(Pontos!$B$6:$F$6,F5+1)+INDEX(Pontos!$B$7:$F$7,G5+1)+INDEX(Pontos!$B$8:$F$8,H5+1)+INDEX(Pontos!$B$9:$F$9,I5+1)+INDEX(Pontos!$B$10:$F$10,J5+1)+INDEX(Pontos!$B$11:$F$11,K5+1)+INDEX(Pontos!$B$12:$F$12,L5+1)+INDEX(Pontos!$B$13:$F$13,M5+1)+INDEX(Pontos!$B$14:$F$14,N5+1)+IF(O5=1,4,0)+IF(P5=1,2,0) -> 33 | R5: =IF(Q5>=45,"A",IF(Q5>=38,"B1",IF(Q5>=29,"B2",IF(Q5>=23,"C1",IF(Q5>=17,"C2","D-E"))))) -> B2
A6: 5 | B6: 1 | C6: 0 | D6: 2 | E6: 1 | F6: 0 | G6: 1 | H6: 1 | I6: 2 | J6: 1 | K6: 1 | L6: 0 | M6: 1 | N6: 3 | O6: 1 | P6: 1 | Q6: =INDEX(Pontos!$B$2:$F$2,B6+1)+INDEX(Pontos!$B$3:$F$3,C6+1)+INDEX(Pontos!$B$4:$F$4,D6+1)+INDEX(Pontos!$B$5:$F$5,E6+1)+INDEX(Pontos!$B$6:$F$6,F6+1)+INDEX(Pontos!$B$7:$F$7,G6+1)+INDEX(Pontos!$B$8:$F$8,H6+1)+INDEX(Pontos!$B$9:$F$9,I6+1)+INDEX(Pontos!$B$10:$F$10,J6+1)+INDEX(Pontos!$B$11:$F$11,K6+1)+INDEX(Pontos!$B$12:$F$12,L6+1)+INDEX(Pontos!$B$13:$F$13,M6+1)+INDEX(Pontos!$B$14:$F$14,N6+1)+IF(O6=1,4,0)+IF(P6=1,2,0) -> 34 | R6: =IF(Q6>=45,"A",IF(Q6>=38,"B1",IF(Q6>=29,"B2",IF(Q6>=23,"C1",IF(Q6>=17,"C2","D-E"))))) -> B2
A7: 6 | B7: 1 | C7: 1 | D7: 1 | E7: 2 | F7: 1 | G7: 1 | H7: 1 | I7: 1 | J7: 1 | K7: 0 | L7: 0 | M7: 0 | N7: 1 | O7: 1 | P7: 1 | Q7: =INDEX(Pontos!$B$2:$F$2,B7+1)+INDEX(Pontos!$B$3:$F$3,C7+1)+INDEX(Pontos!$B$4:$F$4,D7+1)+INDEX(Pontos!$B$5:$F$5,E7+1)+INDEX(Pontos!$B$6:$F$6,F7+1)+INDEX(Pontos!$B$7:$F$7,G7+1)+INDEX(Pontos!$B$8:$F$8,H7+1)+INDEX(Pontos!$B$9:$F$9,I7+1)+INDEX(Pontos!$B$10:$F$10,J7+1)+INDEX(Pontos!$B$11:$F$11,K7+1)+INDEX(Pontos!$B$12:$F$12,L7+1)+INDEX(Pontos!$B$13:$F$13,M7+1)+INDEX(Pontos!$B$14:$F$14,N7+1)+IF(O7=1,4,0)+IF(P7=1,2,0) -> 32 | R7: =IF(Q7>=45,"A",IF(Q7>=38,"B1",IF(Q7>=29,"B2",IF(Q7>=23,"C1",IF(Q7>=17,"C2","D-E"))))) -> B2
A8: 7 | B8: 1 | C8: 0 | D8: 1 | E8: 1 | F8: 1 | G8: 1 | H8: 1 | I8: 1 | J8: 1 | K8: 1 | L8: 1 | M8: 0 | N8: 2 | O8: 1 | P8: 1 | Q8: =INDEX(Pontos!$B$2:$F$2,B8+1)+INDEX(Pontos!$B$3:$F$3,C8+1)+INDEX(Pontos!$B$4:$F$4,D8+1)+INDEX(Pontos!$B$5:$F$5,E8+1)+INDEX(Pontos!$B$6:$F$6,F8+1)+INDEX(Pontos!$B$7:$F$7,G8+1)+INDEX(Pontos!$B$8:$F$8,H8+1)+INDEX(Pontos!$B$9:$F$9,I8+1)+INDEX(Pontos!$B$10:$F$10,J8+1)+INDEX(Pontos!$B$11:$F$11,K8+1)+INDEX(Pontos!$B$12:$F$12,L8+1)+INDEX(Pontos!$B$13:$F$13,M8+1)+INDEX(Pontos!$B$14:$F$14,N8+1)+IF(O8=1,4,0)+IF(P8=1,2,0) -> 30 | R8: =IF(Q8>=45,"A",IF(Q8>=38,"B1",IF(Q8>=29,"B2",IF(Q8>=23,"C1",IF(Q8>=17,"C2","D-E"))))) -> B2
A9: 8 | B9: 2 | C9: 0 | D9: 1 | E9: 1 | F9: 0 | G9: 1 | H9: 1 | I9: 1 | J9: 1 | K9: 2 | L9: 0 | M9: 1 | N9: 2 | O9: 1 | P9: 1 | Q9: =INDEX(Pontos!$B$2:$F$2,B9+1)+INDEX(Pontos!$B$3:$F$3,C9+1)+INDEX(Pontos!$B$4:$F$4,D9+1)+INDEX(Pontos!$B$5:$F$5,E9+1)+INDEX(Pontos!$B$6:$F$6,F9+1)+INDEX(Pontos!$B$7:$F$7,G9+1)+INDEX(Pontos!$B$8:$F$8,H9+1)+INDEX(Pontos!$B$9:$F$9,I9+1)+INDEX(Pontos!$B$10:$F$10,J9+1)+INDEX(Pontos!$B$11:$F$11,K9+1)+INDEX(Pontos!$B$12:$F$12,L9+1)+INDEX(Pontos!$B$13:$F$13,M9+1)+INDEX(Pontos!$B$14:$F$14,N9+1)+IF(O9=1,4,0)+IF(P9=1,2,0) -> 34 | R9: =IF(Q9>=45,"A",IF(Q9>=38,"B1",IF(Q9>=29,"B2",IF(Q9>=23,"C1",IF(Q9>=17,"C2","D-E"))))) -> B2
A10: 9 | B10: 3 | C10: 0 | D10: 2 | E10: 2 | F10: 2 | G10: 2 | H10: 1 | I10: 1 | J10: 1 | K10: 2 | L10: 0 | M10: 1 | N10: 4 | O10: 1 | P10: 1 | Q10: =INDEX(Pontos!$B$2:$F$2,B10+1)+INDEX(Pontos!$B$3:$F$3,C10+1)+INDEX(Pontos!$B$4:$F$4,D10+1)+INDEX(Pontos!$B$5:$F$5,E10+1)+INDEX(Pontos!$B$6:$F$6,F10+1)+INDEX(Pontos!$B$7:$F$7,G10+1)+INDEX(Pontos!$B$8:$F$8,H10+1)+INDEX(Pontos!$B$9:$F$9,I10+1)+INDEX(Pontos!$B$10:$F$10,J10+1)+INDEX(Pontos!$B$11:$F$11,K10+1)+INDEX(Pontos!$B$12:$F$12,L10+1)+INDEX(Pontos!$B$13:$F$13,M10+1)+INDEX(Pontos!$B$14:$F$14,N10+1)+IF(O10=1,4,0)+IF(P10=1,2,0) -> 54 | R10: =IF(Q10>=45,"A",IF(Q10>=38,"B1",IF(Q10>=29,"B2",IF(Q10>=23,"C1",IF(Q10>=17,"C2","D-E"))))) -> A
A11: 10 | B11: 2 | C11: 0 | D11: 2 | E11: 2 | F11: 0 | G11: 1 | H11: 1 | I11: 2 | J11: 1 | K11: 2 | L11: 0 | M11: 0 | N11: 4 | O11: 1 | P11: 1 | Q11: =INDEX(Pontos!$B$2:$F$2,B11+1)+INDEX(Pontos!$B$3:$F$3,C11+1)+INDEX(Pontos!$B$4:$F$4,D11+1)+INDEX(Pontos!$B$5:$F$5,E11+1)+INDEX(Pontos!$B$6:$F$6,F11+1)+INDEX(Pontos!$B$7:$F$7,G11+1)+INDEX(Pontos!$B$8:$F$8,H11+1)+INDEX(Pontos!$B$9:$F$9,I11+1)+INDEX(Pontos!$B$10:$F$10,J11+1)+INDEX(Pontos!$B$11:$F$11,K11+1)+INDEX(Pontos!$B$12:$F$12,L11+1)+INDEX(Pontos!$B$13:$F$13,M11+1)+INDEX(Pontos!$B$14:$F$14,N11+1)+IF(O11=1,4,0)+IF(P11=1,2,0) -> 44 | R11: =IF(Q11>=45,"A",IF(Q11>=38,"B1",IF(Q11>=29,"B2",IF(Q11>=23,"C1",IF(Q11>=17,"C2","D-E"))))) -> B1
A12: 11 | B12: 3 | C12: 1 | D12: 2 | E12: 2 | F12: 1 | G12: 2 | H12: 1 | I12: 2 | J12: 1 | K12: 1 | L12: 0 | M12: 0 | N12: 3 | O12: 1 | P12: 1 | Q12: =INDEX(Pontos!$B$2:$F$2,B12+1)+INDEX(Pontos!$B$3:$F$3,C12+1)+INDEX(Pontos!$B$4:$F$4,D12+1)+INDEX(Pontos!$B$5:$F$5,E12+1)+INDEX(Pontos!$B$6:$F$6,F12+1)+INDEX(Pontos!$B$7:$F$7,G12+1)+INDEX(Pontos!$B$8:$F$8,H12+1)+INDEX(Pontos!$B$9:$F$9,I12+1)+INDEX(Pontos!$B$10:$F$10,J12+1)+INDEX(Pontos!$B$11:$F$11,K12+1)+INDEX(Pontos!$B$12:$F$12,L12+1)+INDEX(Pontos!$B$13:$F$13,M12+1)+INDEX(Pontos!$B$14:$F$14,N12+1)+IF(O12=1,4,0)+IF(P12=1,2,0) -> 49 | R12: =IF(Q12>=45,"A",IF(Q12>=38,"B1",IF(Q12>=29,"B2",IF(Q12>=23,"C1",IF(Q12>=17,"C2","D-E"))))) -> A
A13: 12 | B13: 2 | C13: 0 | D13: 1 | E13: 1 | F13: 0 | G13: 2 | H13: 1 | I13: 1 | J13: 0 | K13: 1 | L13: 0 | M13: 1 | N13: 3 | O13: 1 | P13: 1 | Q13: =INDEX(Pontos!$B$2:$F$2,B13+1)+INDEX(Pontos!$B$3:$F$3,C13+1)+INDEX(Pontos!$B$4:$F$4,D13+1)+INDEX(Pontos!$B$5:$F$5,E13+1)+INDEX(Pontos!$B$6:$F$6,F13+1)+INDEX(Pontos!$B$7:$F$7,G13+1)+INDEX(Pontos!$B$8:$F$8,H13+1)+INDEX(Pontos!$B$9:$F$9,I13+1)+INDEX(Pontos!$B$10:$F$10,J13+1)+INDEX(Pontos!$B$11:$F$11,K13+1)+INDEX(Pontos!$B$12:$F$12,L13+1)+INDEX(Pontos!$B$13:$F$13,M13+1)+INDEX(Pontos!$B$14:$F$14,N13+1)+IF(O13=1,4,0)+IF(P13=1,2,0) -> 34 | R13: =IF(Q13>=45,"A",IF(Q13>=38,"B1",IF(Q13>=29,"B2",IF(Q13>=23,"C1",IF(Q13>=17,"C2","D-E"))))) -> B2
... A41: 40 | B41: 2 | C41: 0 | D41: 1 | E41: 2 | F41: 1 | G41: 1 | H41: 0 | I41: 1 | J41: 1 | K41: 1 | L41: 0 | M41: 0 | N41: 1 | O41: 1 | P41: 1 | Q41: =INDEX(Pontos!$B$2:$F$2,B41+1)+INDEX(Pontos!$B$3:$F$3,C41+1)+INDEX(Pontos!$B$4:$F$4,D41+1)+INDEX(Pontos!$B$5:$F$5,E41+1)+INDEX(Pontos!$B$6:$F$6,F41+1)+INDEX(Pontos!$B$7:$F$7,G41+1)+INDEX(Pontos!$B$8:$F$8,H41+1)+INDEX(Pontos!$B$9:$F$9,I41+1)+INDEX(Pontos!$B$10:$F$10,J41+1)+INDEX(Pontos!$B$11:$F$11,K41+1)+INDEX(Pontos!$B$12:$F$12,L41+1)+INDEX(Pontos!$B$13:$F$13,M41+1)+INDEX(Pontos!$B$14:$F$14,N41+1)+IF(O41=1,4,0)+IF(P41=1,2,0) -> 33 | R41: =IF(Q41>=45,"A",IF(Q41>=38,"B1",IF(Q41>=29,"B2",IF(Q41>=23,"C1",IF(Q41>=17,"C2","D-E"))))) -> B2

Sheet Resumo
A1: Classe | B1: Pessoas | C1: %
A2: A | B2: =COUNTIF(Respostas!$R$2:$R$41,A2) -> 5 | C2: =B2/SUM($B$2:$B$7) -> 0.125
A3: B1 | B3: =COUNTIF(Respostas!$R$2:$R$41,A3) -> 8 | C3: =B3/SUM($B$2:$B$7) -> 0.2
A4: B2 | B4: =COUNTIF(Respostas!$R$2:$R$41,A4) -> 18 | C4: =B4/SUM($B$2:$B$7) -> 0.45
A5: C1 | B5: =COUNTIF(Respostas!$R$2:$R$41,A5) -> 6 | C5: =B5/SUM($B$2:$B$7) -> 0.15
A6: C2 | B6: =COUNTIF(Respostas!$R$2:$R$41,A6) -> 2 | C6: =B6/SUM($B$2:$B$7) -> 0.05
A7: D-E | B7: =COUNTIF(Respostas!$R$2:$R$41,A7) -> 1 | C7: =B7/SUM($B$2:$B$7) -> 0.025
A8: Total | B8: =SUM(B2:B7) -> 40
